{
	"description": "项目配置文件。",
	"packOptions": {
		"ignore": []
	},
	"setting": {
		"urlCheck": false,
		"es6": true,
		"postcss": true,
		"minified": true,
		"newFeature": true,
		"autoAudits": false
	},
	"compileType": "miniprogram",
	"libVersion": "2.1.1",
	"appid": "wx13acb26409a8bb15",
	"projectname": "customer_Info",
	"isGameTourist": false,
	"condition": {
		"search": {
			"current": -1,
			"list": []
		},
		"conversation": {
			"current": -1,
			"list": []
		},
		"plugin": {
			"current": -1,
			"list": []
		},
		"game": {
			"currentL": -1,
			"list": []
		},
		"miniprogram": {
			"current": 6,
			"list": [
				{
					"id": -1,
					"name": "user",
					"pathName": "pages/user/index/index",
					"query": ""
				},
				{
					"id": -1,
					"name": "detail",
					"pathName": "pages/user/index/special-promotiom/special-promotiom",
					"query": ""
				},
				{
					"id": -1,
					"name": "addcus",
					"pathName": "pages/user/index/addcustomer/addcustomer",
					"query": ""
				},
				{
					"id": -1,
					"name": "user-info",
					"pathName": "pages/user-info/user-info",
					"query": ""
				},
				{
					"id": -1,
					"name": "regist",
					"pathName": "pages/regist/regist",
					"query": ""
				},
				{
					"id": -1,
					"name": "admin",
					"pathName": "pages/admin/index/index",
					"query": ""
				},
				{
					"id": -1,
					"name": "my-team",
					"pathName": "pages/user/my-team/my-team",
					"query": ""
				}
			]
		}
	}
}